patient_id,mutation_value,mutation_type,mutation_id,gene,is_driver,is_passenger
TCGA-05-4434,Inframe Mutation (putative driver),Inframe_Mutation,INFRAME_TCGA-05-,ERBB2,True,False
TCGA-05-5715,Inframe Mutation (putative driver),Inframe_Mutation,INFRAME_TCGA-05-,ERBB2,True,False
TCGA-44-3396,Inframe Mutation (putative driver),Inframe_Mutation,INFRAME_TCGA-44-,ERBB2,True,False
TCGA-L5-A4OU,Inframe Mutation (putative driver),Inframe_Mutation,INFRAME_TCGA-L5-,ERBB2,True,False
TCGA-86-6562,Inframe Mutation (putative driver),Inframe_Mutation,INFRAME_TCGA-86-,ERBB2,True,False
TCGA-2F-A9KP,Missense Mutation (putative driver),Missense_Mutation,MISSENSE_TCGA-2F-,ERBB2,True,False
TCGA-2H-A9GH,Missense Mutation (putative driver),Missense_Mutation,MISSENSE_TCGA-2H-,ERBB2,True,False
TCGA-4G-AAZO,Missense Mutation (putative driver),Missense_Mutation,MISSENSE_TCGA-4G-,ERBB2,True,False
TCGA-4H-AAAK,Missense Mutation (putative driver),Missense_Mutation,MISSENSE_TCGA-4H-,ERBB2,True,False
TCGA-13-0889,Missense Mutation (putative driver),Missense_Mutation,MISSENSE_TCGA-13-,ERBB2,True,False
TCGA-17-Z049,Missense Mutation (putative driver),Missense_Mutation,MISSENSE_TCGA-17-,ERBB2,True,False
TCGA-24-2280,Missense Mutation (putative driver),Missense_Mutation,MISSENSE_TCGA-24-,ERBB2,True,False
TCGA-33-4587,Missense Mutation (putative driver),Missense_Mutation,MISSENSE_TCGA-33-,ERBB2,True,False
TCGA-36-2530,Missense Mutation (putative driver),Missense_Mutation,MISSENSE_TCGA-36-,ERBB2,True,False
TCGA-44-2656,Missense Mutation (putative driver),Missense_Mutation,MISSENSE_TCGA-44-,ERBB2,True,False
TCGA-A2-A0T6,Missense Mutation (putative driver),Missense_Mutation,MISSENSE_TCGA-A2-,ERBB2,True,False
TCGA-A2-A3XV,Missense Mutation (putative driver),Missense_Mutation,MISSENSE_TCGA-A2-,ERBB2,True,False
TCGA-A3-3385,Missense Mutation (putative driver),Missense_Mutation,MISSENSE_TCGA-A3-,ERBB2,True,False
TCGA-A5-A0G1,Missense Mutation (putative driver),Missense_Mutation,MISSENSE_TCGA-A5-,ERBB2,True,False
TCGA-A8-A0A6,Missense Mutation (putative driver),Missense_Mutation,MISSENSE_TCGA-A8-,ERBB2,True,False
TCGA-A8-A0AB,Missense Mutation (putative driver),Missense_Mutation,MISSENSE_TCGA-A8-,ERBB2,True,False
TCGA-A8-A08Z,Missense Mutation (putative driver),Missense_Mutation,MISSENSE_TCGA-A8-,ERBB2,True,False
TCGA-AA-3502,Missense Mutation (putative driver),Missense_Mutation,MISSENSE_TCGA-AA-,ERBB2,True,False
TCGA-AA-3994,Missense Mutation (putative driver),Missense_Mutation,MISSENSE_TCGA-AA-,ERBB2,True,False
TCGA-AC-A3YI,Missense Mutation (putative driver),Missense_Mutation,MISSENSE_TCGA-AC-,ERBB2,True,False
TCGA-AD-6888,Missense Mutation (putative driver),Missense_Mutation,MISSENSE_TCGA-AD-,ERBB2,True,False
TCGA-AG-3732,Missense Mutation (putative driver),Missense_Mutation,MISSENSE_TCGA-AG-,ERBB2,True,False
TCGA-AG-3898,Missense Mutation (putative driver),Missense_Mutation,MISSENSE_TCGA-AG-,ERBB2,True,False
TCGA-AG-3902,Missense Mutation (putative driver),Missense_Mutation,MISSENSE_TCGA-AG-,ERBB2,True,False
TCGA-AH-6644,Missense Mutation (putative driver),Missense_Mutation,MISSENSE_TCGA-AH-,ERBB2,True,False
TCGA-AJ-A3BH,Missense Mutation (putative driver),Missense_Mutation,MISSENSE_TCGA-AJ-,ERBB2,True,False
TCGA-AJ-A23O,Missense Mutation (putative driver),Missense_Mutation,MISSENSE_TCGA-AJ-,ERBB2,True,False
TCGA-AP-A1DK,Missense Mutation (putative driver),Missense_Mutation,MISSENSE_TCGA-AP-,ERBB2,True,False
TCGA-AP-A05N,Missense Mutation (putative driver),Missense_Mutation,MISSENSE_TCGA-AP-,ERBB2,True,False
TCGA-AX-A1C9,Missense Mutation (putative driver),Missense_Mutation,MISSENSE_TCGA-AX-,ERBB2,True,False
TCGA-AX-A3FT,Missense Mutation (putative driver),Missense_Mutation,MISSENSE_TCGA-AX-,ERBB2,True,False
TCGA-B5-A1MS,Missense Mutation (putative driver),Missense_Mutation,MISSENSE_TCGA-B5-,ERBB2,True,False
TCGA-B5-A11G,Missense Mutation (putative driver),Missense_Mutation,MISSENSE_TCGA-B5-,ERBB2,True,False
TCGA-BG-A222,Missense Mutation (putative driver),Missense_Mutation,MISSENSE_TCGA-BG-,ERBB2,True,False
TCGA-BH-A0C1,Missense Mutation (putative driver),Missense_Mutation,MISSENSE_TCGA-BH-,ERBB2,True,False
TCGA-BH-A1FE,Missense Mutation (putative driver),Missense_Mutation,MISSENSE_TCGA-BH-,ERBB2,True,False
TCGA-BH-A18P,Missense Mutation (putative driver),Missense_Mutation,MISSENSE_TCGA-BH-,ERBB2,True,False
TCGA-BR-4370,Missense Mutation (putative driver),Missense_Mutation,MISSENSE_TCGA-BR-,ERBB2,True,False
TCGA-BR-6566,Missense Mutation (putative driver),Missense_Mutation,MISSENSE_TCGA-BR-,ERBB2,True,False
TCGA-BR-6802,Missense Mutation (putative driver),Missense_Mutation,MISSENSE_TCGA-BR-,ERBB2,True,False
TCGA-BR-6852,Missense Mutation (putative driver),Missense_Mutation,MISSENSE_TCGA-BR-,ERBB2,True,False
TCGA-BR-7957,Missense Mutation (putative driver),Missense_Mutation,MISSENSE_TCGA-BR-,ERBB2,True,False
TCGA-BR-8588,Missense Mutation (putative driver),Missense_Mutation,MISSENSE_TCGA-BR-,ERBB2,True,False
TCGA-C5-A1MJ,Missense Mutation (putative driver),Missense_Mutation,MISSENSE_TCGA-C5-,ERBB2,True,False
TCGA-C8-A135,Missense Mutation (putative driver),Missense_Mutation,MISSENSE_TCGA-C8-,ERBB2,True,False
TCGA-C8-A274,Missense Mutation (putative driver),Missense_Mutation,MISSENSE_TCGA-C8-,ERBB2,True,False
TCGA-CA-6717,Missense Mutation (putative driver),Missense_Mutation,MISSENSE_TCGA-CA-,ERBB2,True,False
TCGA-CF-A5UA,Missense Mutation (putative driver),Missense_Mutation,MISSENSE_TCGA-CF-,ERBB2,True,False
TCGA-CG-4469,Missense Mutation (putative driver),Missense_Mutation,MISSENSE_TCGA-CG-,ERBB2,True,False
TCGA-CG-5730,Missense Mutation (putative driver),Missense_Mutation,MISSENSE_TCGA-CG-,ERBB2,True,False
TCGA-CU-A3YL,Missense Mutation (putative driver),Missense_Mutation,MISSENSE_TCGA-CU-,ERBB2,True,False
TCGA-D1-A161,Missense Mutation (putative driver),Missense_Mutation,MISSENSE_TCGA-D1-,ERBB2,True,False
TCGA-D1-A167,Missense Mutation (putative driver),Missense_Mutation,MISSENSE_TCGA-D1-,ERBB2,True,False
TCGA-D3-A3MV,Missense Mutation (putative driver),Missense_Mutation,MISSENSE_TCGA-D3-,ERBB2,True,False
TCGA-D6-A74Q,Missense Mutation (putative driver),Missense_Mutation,MISSENSE_TCGA-D6-,ERBB2,True,False
TCGA-D7-A6EY,Missense Mutation (putative driver),Missense_Mutation,MISSENSE_TCGA-D7-,ERBB2,True,False
TCGA-D8-A1XM,Missense Mutation (putative driver),Missense_Mutation,MISSENSE_TCGA-D8-,ERBB2,True,False
TCGA-D8-A27G,Missense Mutation (putative driver),Missense_Mutation,MISSENSE_TCGA-D8-,ERBB2,True,False
TCGA-DK-A1A3,Missense Mutation (putative driver),Missense_Mutation,MISSENSE_TCGA-DK-,ERBB2,True,False
TCGA-DK-A2I6,Missense Mutation (putative driver),Missense_Mutation,MISSENSE_TCGA-DK-,ERBB2,True,False
TCGA-DK-A6B6,Missense Mutation (putative driver),Missense_Mutation,MISSENSE_TCGA-DK-,ERBB2,True,False
TCGA-DK-AA6L,Missense Mutation (putative driver),Missense_Mutation,MISSENSE_TCGA-DK-,ERBB2,True,False
TCGA-DW-7839,Missense Mutation (putative driver),Missense_Mutation,MISSENSE_TCGA-DW-,ERBB2,True,False
TCGA-E9-A1R5,Missense Mutation (putative driver),Missense_Mutation,MISSENSE_TCGA-E9-,ERBB2,True,False
TCGA-EC-A1QX,Missense Mutation (putative driver),Missense_Mutation,MISSENSE_TCGA-EC-,ERBB2,True,False
TCGA-EC-A24G,Missense Mutation (putative driver),Missense_Mutation,MISSENSE_TCGA-EC-,ERBB2,True,False
TCGA-EE-A20C,Missense Mutation (putative driver),Missense_Mutation,MISSENSE_TCGA-EE-,ERBB2,True,False
TCGA-FD-A3SN,Missense Mutation (putative driver),Missense_Mutation,MISSENSE_TCGA-FD-,ERBB2,True,False
TCGA-FD-A5BU,Missense Mutation (putative driver),Missense_Mutation,MISSENSE_TCGA-FD-,ERBB2,True,False
TCGA-FR-A3YN,Missense Mutation (putative driver),Missense_Mutation,MISSENSE_TCGA-FR-,ERBB2,True,False
TCGA-FU-A3NI,Missense Mutation (putative driver),Missense_Mutation,MISSENSE_TCGA-FU-,ERBB2,True,False
TCGA-FU-A40J,Missense Mutation (putative driver),Missense_Mutation,MISSENSE_TCGA-FU-,ERBB2,True,False
TCGA-G4-6298,Missense Mutation (putative driver),Missense_Mutation,MISSENSE_TCGA-G4-,ERBB2,True,False
TCGA-GC-A3OO,Missense Mutation (putative driver),Missense_Mutation,MISSENSE_TCGA-GC-,ERBB2,True,False
TCGA-GC-A3YS,Missense Mutation (putative driver),Missense_Mutation,MISSENSE_TCGA-GC-,ERBB2,True,False
TCGA-GC-A4ZW,Missense Mutation (putative driver),Missense_Mutation,MISSENSE_TCGA-GC-,ERBB2,True,False
TCGA-GU-A766,Missense Mutation (putative driver),Missense_Mutation,MISSENSE_TCGA-GU-,ERBB2,True,False
TCGA-GU-A767,Missense Mutation (putative driver),Missense_Mutation,MISSENSE_TCGA-GU-,ERBB2,True,False
TCGA-GV-A6ZA,Missense Mutation (putative driver),Missense_Mutation,MISSENSE_TCGA-GV-,ERBB2,True,False
TCGA-GV-A40G,Missense Mutation (putative driver),Missense_Mutation,MISSENSE_TCGA-GV-,ERBB2,True,False
TCGA-HQ-A2OF,Missense Mutation (putative driver),Missense_Mutation,MISSENSE_TCGA-HQ-,ERBB2,True,False
TCGA-HU-A4H0,Missense Mutation (putative driver),Missense_Mutation,MISSENSE_TCGA-HU-,ERBB2,True,False
TCGA-HU-A4H8,Missense Mutation (putative driver),Missense_Mutation,MISSENSE_TCGA-HU-,ERBB2,True,False
TCGA-IB-7651,Missense Mutation (putative driver),Missense_Mutation,MISSENSE_TCGA-IB-,ERBB2,True,False
TCGA-IB-8127,Missense Mutation (putative driver),Missense_Mutation,MISSENSE_TCGA-IB-,ERBB2,True,False
TCGA-IN-8663,Missense Mutation (putative driver),Missense_Mutation,MISSENSE_TCGA-IN-,ERBB2,True,False
TCGA-IR-A3LF,Missense Mutation (putative driver),Missense_Mutation,MISSENSE_TCGA-IR-,ERBB2,True,False
TCGA-IR-A3LI,Missense Mutation (putative driver),Missense_Mutation,MISSENSE_TCGA-IR-,ERBB2,True,False
TCGA-J4-8200,Missense Mutation (putative driver),Missense_Mutation,MISSENSE_TCGA-J4-,ERBB2,True,False
TCGA-JW-A852,Missense Mutation (putative driver),Missense_Mutation,MISSENSE_TCGA-JW-,ERBB2,True,False
TCGA-JY-A938,Missense Mutation (putative driver),Missense_Mutation,MISSENSE_TCGA-JY-,ERBB2,True,False
TCGA-K4-A5RJ,Missense Mutation (putative driver),Missense_Mutation,MISSENSE_TCGA-K4-,ERBB2,True,False
TCGA-K4-A6FZ,Missense Mutation (putative driver),Missense_Mutation,MISSENSE_TCGA-K4-,ERBB2,True,False
TCGA-K4-A83P,Missense Mutation (putative driver),Missense_Mutation,MISSENSE_TCGA-K4-,ERBB2,True,False
TCGA-KQ-A41S,Missense Mutation (putative driver),Missense_Mutation,MISSENSE_TCGA-KQ-,ERBB2,True,False
TCGA-L5-A4OI,Missense Mutation (putative driver),Missense_Mutation,MISSENSE_TCGA-L5-,ERBB2,True,False
TCGA-L5-A8NM,Missense Mutation (putative driver),Missense_Mutation,MISSENSE_TCGA-L5-,ERBB2,True,False
TCGA-MV-A51V,Missense Mutation (putative driver),Missense_Mutation,MISSENSE_TCGA-MV-,ERBB2,True,False
TCGA-MX-A5UJ,Missense Mutation (putative driver),Missense_Mutation,MISSENSE_TCGA-MX-,ERBB2,True,False
TCGA-N5-A4RJ,Missense Mutation (putative driver),Missense_Mutation,MISSENSE_TCGA-N5-,ERBB2,True,False
TCGA-OL-A5D6,Missense Mutation (putative driver),Missense_Mutation,MISSENSE_TCGA-OL-,ERBB2,True,False
TCGA-OL-A66N,Missense Mutation (putative driver),Missense_Mutation,MISSENSE_TCGA-OL-,ERBB2,True,False
TCGA-R6-A8WC,Missense Mutation (putative driver),Missense_Mutation,MISSENSE_TCGA-R6-,ERBB2,True,False
TCGA-SL-A6J9,Missense Mutation (putative driver),Missense_Mutation,MISSENSE_TCGA-SL-,ERBB2,True,False
TCGA-SY-A9G5,Missense Mutation (putative driver),Missense_Mutation,MISSENSE_TCGA-SY-,ERBB2,True,False
TCGA-VQ-A8PB,Missense Mutation (putative driver),Missense_Mutation,MISSENSE_TCGA-VQ-,ERBB2,True,False
TCGA-VQ-A8PD,Missense Mutation (putative driver),Missense_Mutation,MISSENSE_TCGA-VQ-,ERBB2,True,False
TCGA-VQ-A8PZ,Missense Mutation (putative driver),Missense_Mutation,MISSENSE_TCGA-VQ-,ERBB2,True,False
TCGA-VS-A8EL,Missense Mutation (putative driver),Missense_Mutation,MISSENSE_TCGA-VS-,ERBB2,True,False
TCGA-VS-A8QA,Missense Mutation (putative driver),Missense_Mutation,MISSENSE_TCGA-VS-,ERBB2,True,False
TCGA-XF-A8HC,Missense Mutation (putative driver),Missense_Mutation,MISSENSE_TCGA-XF-,ERBB2,True,False
TCGA-XF-A9SI,Missense Mutation (putative driver),Missense_Mutation,MISSENSE_TCGA-XF-,ERBB2,True,False
TCGA-XF-A9SM,Missense Mutation (putative driver),Missense_Mutation,MISSENSE_TCGA-XF-,ERBB2,True,False
TCGA-XF-A9ST,Missense Mutation (putative driver),Missense_Mutation,MISSENSE_TCGA-XF-,ERBB2,True,False
TCGA-XF-AAML,Missense Mutation (putative driver),Missense_Mutation,MISSENSE_TCGA-XF-,ERBB2,True,False
TCGA-XF-AAMX,Missense Mutation (putative driver),Missense_Mutation,MISSENSE_TCGA-XF-,ERBB2,True,False
TCGA-XF-AAN0,Missense Mutation (putative driver),Missense_Mutation,MISSENSE_TCGA-XF-,ERBB2,True,False
TCGA-XF-AAN2,Missense Mutation (putative driver),Missense_Mutation,MISSENSE_TCGA-XF-,ERBB2,True,False
TCGA-XF-AAN5,Missense Mutation (putative driver),Missense_Mutation,MISSENSE_TCGA-XF-,ERBB2,True,False
TCGA-Y8-A894,Missense Mutation (putative driver),Missense_Mutation,MISSENSE_TCGA-Y8-,ERBB2,True,False
TCGA-ZF-A9R3,Missense Mutation (putative driver),Missense_Mutation,MISSENSE_TCGA-ZF-,ERBB2,True,False
TCGA-ZF-A9R7,Missense Mutation (putative driver),Missense_Mutation,MISSENSE_TCGA-ZF-,ERBB2,True,False
TCGA-ZF-A9RC,Missense Mutation (putative driver),Missense_Mutation,MISSENSE_TCGA-ZF-,ERBB2,True,False
TCGA-ZF-A9RG,Missense Mutation (putative driver),Missense_Mutation,MISSENSE_TCGA-ZF-,ERBB2,True,False
TCGA-ZF-AA4R,Missense Mutation (putative driver),Missense_Mutation,MISSENSE_TCGA-ZF-,ERBB2,True,False
TCGA-ZF-AA4V,Missense Mutation (putative driver),Missense_Mutation,MISSENSE_TCGA-ZF-,ERBB2,True,False
TCGA-AB-2826,Truncating mutation (putative passenger),Truncating_Mutation,MUT_TCGA-AB-,ERBB2,False,True
TCGA-AX-A064,Truncating mutation (putative passenger),Truncating_Mutation,MUT_TCGA-AX-,ERBB2,False,True
TCGA-CZ-4859,Truncating mutation (putative passenger),Truncating_Mutation,MUT_TCGA-CZ-,ERBB2,False,True
TCGA-D3-A3CE,Truncating mutation (putative passenger),Truncating_Mutation,MUT_TCGA-D3-,ERBB2,False,True
TCGA-D8-A27V,Truncating mutation (putative passenger),Truncating_Mutation,MUT_TCGA-D8-,ERBB2,False,True
TCGA-EE-A29E,Truncating mutation (putative passenger),Truncating_Mutation,MUT_TCGA-EE-,ERBB2,False,True
TCGA-EK-A2RM,Truncating mutation (putative passenger),Truncating_Mutation,MUT_TCGA-EK-,ERBB2,False,True
TCGA-EW-A2FV,Truncating mutation (putative passenger),Truncating_Mutation,MUT_TCGA-EW-,ERBB2,False,True
TCGA-FS-A1ZZ,Truncating mutation (putative passenger),Truncating_Mutation,MUT_TCGA-FS-,ERBB2,False,True
TCGA-GN-A26C,Truncating mutation (putative passenger),Truncating_Mutation,MUT_TCGA-GN-,ERBB2,False,True
TCGA-L5-A8NR,Truncating mutation (putative passenger),Truncating_Mutation,MUT_TCGA-L5-,ERBB2,False,True
TCGA-05-4384,splice,Splice_Site,MUT_TCGA-05-,ERBB2,False,False
TCGA-43-7657,splice,Splice_Site,MUT_TCGA-43-,ERBB2,False,False
TCGA-43-8118,splice,Splice_Site,MUT_TCGA-43-,ERBB2,False,False
TCGA-60-2723,splice,Splice_Site,MUT_TCGA-60-,ERBB2,False,False
TCGA-A5-A0G2,splice,Splice_Site,MUT_TCGA-A5-,ERBB2,False,False
TCGA-D3-A2JC,splice,Splice_Site,MUT_TCGA-D3-,ERBB2,False,False
TCGA-D3-A2JP,splice,Splice_Site,MUT_TCGA-D3-,ERBB2,False,False
TCGA-ER-A19B,splice,Splice_Site,MUT_TCGA-ER-,ERBB2,False,False
TCGA-HU-A4GP,splice,Splice_Site,MUT_TCGA-HU-,ERBB2,False,False
TCGA-HU-A4HD,splice,Splice_Site,MUT_TCGA-HU-,ERBB2,False,False
TCGA-NJ-A4YP,splice,Splice_Site,MUT_TCGA-NJ-,ERBB2,False,False
TCGA-QL-A97D,splice,Splice_Site,MUT_TCGA-QL-,ERBB2,False,False
TCGA-86-A456,splice,Splice_Site,MUT_TCGA-86-,ERBB2,False,False
TCGA-D8-A1JG,Inframe Mutation (putative passenger),Inframe_Mutation,INFRAME_TCGA-D8-,ERBB2,False,True
TCGA-2F-A9KT,Missense Mutation (putative passenger),Missense_Mutation,MISSENSE_TCGA-2F-,ERBB2,False,True
TCGA-04-1342,Missense Mutation (putative passenger),Missense_Mutation,MISSENSE_TCGA-04-,ERBB2,False,True
TCGA-06-0877,Missense Mutation (putative passenger),Missense_Mutation,MISSENSE_TCGA-06-,ERBB2,False,True
TCGA-06-5416,Missense Mutation (putative passenger),Missense_Mutation,MISSENSE_TCGA-06-,ERBB2,False,True
TCGA-12-0827,Missense Mutation (putative passenger),Missense_Mutation,MISSENSE_TCGA-12-,ERBB2,False,True
TCGA-13-2059,Missense Mutation (putative passenger),Missense_Mutation,MISSENSE_TCGA-13-,ERBB2,False,True
TCGA-14-1827,Missense Mutation (putative passenger),Missense_Mutation,MISSENSE_TCGA-14-,ERBB2,False,True
TCGA-18-3412,Missense Mutation (putative passenger),Missense_Mutation,MISSENSE_TCGA-18-,ERBB2,False,True
TCGA-19-5956,Missense Mutation (putative passenger),Missense_Mutation,MISSENSE_TCGA-19-,ERBB2,False,True
TCGA-22-5485,Missense Mutation (putative passenger),Missense_Mutation,MISSENSE_TCGA-22-,ERBB2,False,True
TCGA-33-A4WN,Missense Mutation (putative passenger),Missense_Mutation,MISSENSE_TCGA-33-,ERBB2,False,True
TCGA-33-AASL,Missense Mutation (putative passenger),Missense_Mutation,MISSENSE_TCGA-33-,ERBB2,False,True
TCGA-34-2600,Missense Mutation (putative passenger),Missense_Mutation,MISSENSE_TCGA-34-,ERBB2,False,True
TCGA-39-5035,Missense Mutation (putative passenger),Missense_Mutation,MISSENSE_TCGA-39-,ERBB2,False,True
TCGA-64-5815,Missense Mutation (putative passenger),Missense_Mutation,MISSENSE_TCGA-64-,ERBB2,False,True
TCGA-A5-A0VP,Missense Mutation (putative passenger),Missense_Mutation,MISSENSE_TCGA-A5-,ERBB2,False,True
TCGA-A5-A1OF,Missense Mutation (putative passenger),Missense_Mutation,MISSENSE_TCGA-A5-,ERBB2,False,True
TCGA-A5-A2K5,Missense Mutation (putative passenger),Missense_Mutation,MISSENSE_TCGA-A5-,ERBB2,False,True
TCGA-A8-A06Z,Missense Mutation (putative passenger),Missense_Mutation,MISSENSE_TCGA-A8-,ERBB2,False,True
TCGA-AA-3858,Missense Mutation (putative passenger),Missense_Mutation,MISSENSE_TCGA-AA-,ERBB2,False,True
TCGA-AA-3864,Missense Mutation (putative passenger),Missense_Mutation,MISSENSE_TCGA-AA-,ERBB2,False,True
TCGA-AA-3947,Missense Mutation (putative passenger),Missense_Mutation,MISSENSE_TCGA-AA-,ERBB2,False,True
TCGA-AG-A00Y,Missense Mutation (putative passenger),Missense_Mutation,MISSENSE_TCGA-AG-,ERBB2,False,True
TCGA-AG-A002,Missense Mutation (putative passenger),Missense_Mutation,MISSENSE_TCGA-AG-,ERBB2,False,True
TCGA-AN-A046,Missense Mutation (putative passenger),Missense_Mutation,MISSENSE_TCGA-AN-,ERBB2,False,True
TCGA-AO-A128,Missense Mutation (putative passenger),Missense_Mutation,MISSENSE_TCGA-AO-,ERBB2,False,True
TCGA-AP-A0LE,Missense Mutation (putative passenger),Missense_Mutation,MISSENSE_TCGA-AP-,ERBB2,False,True
TCGA-AP-A1E0,Missense Mutation (putative passenger),Missense_Mutation,MISSENSE_TCGA-AP-,ERBB2,False,True
TCGA-AP-A056,Missense Mutation (putative passenger),Missense_Mutation,MISSENSE_TCGA-AP-,ERBB2,False,True
TCGA-AX-A1CE,Missense Mutation (putative passenger),Missense_Mutation,MISSENSE_TCGA-AX-,ERBB2,False,True
TCGA-AX-A2H2,Missense Mutation (putative passenger),Missense_Mutation,MISSENSE_TCGA-AX-,ERBB2,False,True
TCGA-AX-A2HC,Missense Mutation (putative passenger),Missense_Mutation,MISSENSE_TCGA-AX-,ERBB2,False,True
TCGA-AX-A2HD,Missense Mutation (putative passenger),Missense_Mutation,MISSENSE_TCGA-AX-,ERBB2,False,True
TCGA-AX-A06F,Missense Mutation (putative passenger),Missense_Mutation,MISSENSE_TCGA-AX-,ERBB2,False,True
TCGA-B0-5110,Missense Mutation (putative passenger),Missense_Mutation,MISSENSE_TCGA-B0-,ERBB2,False,True
TCGA-B5-A0JV,Missense Mutation (putative passenger),Missense_Mutation,MISSENSE_TCGA-B5-,ERBB2,False,True
TCGA-B5-A1MR,Missense Mutation (putative passenger),Missense_Mutation,MISSENSE_TCGA-B5-,ERBB2,False,True
TCGA-B5-A3FA,Missense Mutation (putative passenger),Missense_Mutation,MISSENSE_TCGA-B5-,ERBB2,False,True
TCGA-BF-A1PU,Missense Mutation (putative passenger),Missense_Mutation,MISSENSE_TCGA-BF-,ERBB2,False,True
TCGA-BF-A1PZ,Missense Mutation (putative passenger),Missense_Mutation,MISSENSE_TCGA-BF-,ERBB2,False,True
TCGA-BF-A1Q0,Missense Mutation (putative passenger),Missense_Mutation,MISSENSE_TCGA-BF-,ERBB2,False,True
TCGA-BH-A0DZ,Missense Mutation (putative passenger),Missense_Mutation,MISSENSE_TCGA-BH-,ERBB2,False,True
TCGA-BH-A0HF,Missense Mutation (putative passenger),Missense_Mutation,MISSENSE_TCGA-BH-,ERBB2,False,True
TCGA-BH-A1FU,Missense Mutation (putative passenger),Missense_Mutation,MISSENSE_TCGA-BH-,ERBB2,False,True
TCGA-BR-4191,Missense Mutation (putative passenger),Missense_Mutation,MISSENSE_TCGA-BR-,ERBB2,False,True
TCGA-BR-8487,Missense Mutation (putative passenger),Missense_Mutation,MISSENSE_TCGA-BR-,ERBB2,False,True
TCGA-BS-A0UV,Missense Mutation (putative passenger),Missense_Mutation,MISSENSE_TCGA-BS-,ERBB2,False,True
TCGA-BT-A0YX,Missense Mutation (putative passenger),Missense_Mutation,MISSENSE_TCGA-BT-,ERBB2,False,True
TCGA-BT-A20T,Missense Mutation (putative passenger),Missense_Mutation,MISSENSE_TCGA-BT-,ERBB2,False,True
TCGA-C8-A3M7,Missense Mutation (putative passenger),Missense_Mutation,MISSENSE_TCGA-C8-,ERBB2,False,True
TCGA-CG-4466,Missense Mutation (putative passenger),Missense_Mutation,MISSENSE_TCGA-CG-,ERBB2,False,True
TCGA-CM-6162,Missense Mutation (putative passenger),Missense_Mutation,MISSENSE_TCGA-CM-,ERBB2,False,True
TCGA-CM-6171,Missense Mutation (putative passenger),Missense_Mutation,MISSENSE_TCGA-CM-,ERBB2,False,True
TCGA-CN-4730,Missense Mutation (putative passenger),Missense_Mutation,MISSENSE_TCGA-CN-,ERBB2,False,True
TCGA-CV-5434,Missense Mutation (putative passenger),Missense_Mutation,MISSENSE_TCGA-CV-,ERBB2,False,True
TCGA-CV-7242,Missense Mutation (putative passenger),Missense_Mutation,MISSENSE_TCGA-CV-,ERBB2,False,True
TCGA-CV-7250,Missense Mutation (putative passenger),Missense_Mutation,MISSENSE_TCGA-CV-,ERBB2,False,True
TCGA-CV-7425,Missense Mutation (putative passenger),Missense_Mutation,MISSENSE_TCGA-CV-,ERBB2,False,True
TCGA-D5-6530,Missense Mutation (putative passenger),Missense_Mutation,MISSENSE_TCGA-D5-,ERBB2,False,True
TCGA-DA-A95Z,Missense Mutation (putative passenger),Missense_Mutation,MISSENSE_TCGA-DA-,ERBB2,False,True
TCGA-DF-A2KN,Missense Mutation (putative passenger),Missense_Mutation,MISSENSE_TCGA-DF-,ERBB2,False,True
TCGA-DF-A2KV,Missense Mutation (putative passenger),Missense_Mutation,MISSENSE_TCGA-DF-,ERBB2,False,True
TCGA-DK-A1A5,Missense Mutation (putative passenger),Missense_Mutation,MISSENSE_TCGA-DK-,ERBB2,False,True
TCGA-E7-A7XN,Missense Mutation (putative passenger),Missense_Mutation,MISSENSE_TCGA-E7-,ERBB2,False,True
TCGA-EA-A410,Missense Mutation (putative passenger),Missense_Mutation,MISSENSE_TCGA-EA-,ERBB2,False,True
TCGA-EE-A2GE,Missense Mutation (putative passenger),Missense_Mutation,MISSENSE_TCGA-EE-,ERBB2,False,True
TCGA-EE-A2GR,Missense Mutation (putative passenger),Missense_Mutation,MISSENSE_TCGA-EE-,ERBB2,False,True
TCGA-EE-A3AD,Missense Mutation (putative passenger),Missense_Mutation,MISSENSE_TCGA-EE-,ERBB2,False,True
TCGA-EE-A29N,Missense Mutation (putative passenger),Missense_Mutation,MISSENSE_TCGA-EE-,ERBB2,False,True
TCGA-EE-A181,Missense Mutation (putative passenger),Missense_Mutation,MISSENSE_TCGA-EE-,ERBB2,False,True
TCGA-EK-A3GK,Missense Mutation (putative passenger),Missense_Mutation,MISSENSE_TCGA-EK-,ERBB2,False,True
TCGA-EK-A3GM,Missense Mutation (putative passenger),Missense_Mutation,MISSENSE_TCGA-EK-,ERBB2,False,True
TCGA-EO-A3B0,Missense Mutation (putative passenger),Missense_Mutation,MISSENSE_TCGA-EO-,ERBB2,False,True
TCGA-ER-A2NF,Missense Mutation (putative passenger),Missense_Mutation,MISSENSE_TCGA-ER-,ERBB2,False,True
TCGA-ER-A2NH,Missense Mutation (putative passenger),Missense_Mutation,MISSENSE_TCGA-ER-,ERBB2,False,True
TCGA-ER-A19T,Missense Mutation (putative passenger),Missense_Mutation,MISSENSE_TCGA-ER-,ERBB2,False,True
TCGA-ER-A42K,Missense Mutation (putative passenger),Missense_Mutation,MISSENSE_TCGA-ER-,ERBB2,False,True
TCGA-ER-A193,Missense Mutation (putative passenger),Missense_Mutation,MISSENSE_TCGA-ER-,ERBB2,False,True
TCGA-EW-A1PD,Missense Mutation (putative passenger),Missense_Mutation,MISSENSE_TCGA-EW-,ERBB2,False,True
TCGA-EW-A2FR,Missense Mutation (putative passenger),Missense_Mutation,MISSENSE_TCGA-EW-,ERBB2,False,True
TCGA-F4-6855,Missense Mutation (putative passenger),Missense_Mutation,MISSENSE_TCGA-F4-,ERBB2,False,True
TCGA-FD-A6TB,Missense Mutation (putative passenger),Missense_Mutation,MISSENSE_TCGA-FD-,ERBB2,False,True
TCGA-FR-A729,Missense Mutation (putative passenger),Missense_Mutation,MISSENSE_TCGA-FR-,ERBB2,False,True
TCGA-FS-A1Z0,Missense Mutation (putative passenger),Missense_Mutation,MISSENSE_TCGA-FS-,ERBB2,False,True
TCGA-FS-A1ZP,Missense Mutation (putative passenger),Missense_Mutation,MISSENSE_TCGA-FS-,ERBB2,False,True
TCGA-G2-A2EO,Missense Mutation (putative passenger),Missense_Mutation,MISSENSE_TCGA-G2-,ERBB2,False,True
TCGA-G2-AA3C,Missense Mutation (putative passenger),Missense_Mutation,MISSENSE_TCGA-G2-,ERBB2,False,True
TCGA-G4-6586,Missense Mutation (putative passenger),Missense_Mutation,MISSENSE_TCGA-G4-,ERBB2,False,True
TCGA-GN-A8LK,Missense Mutation (putative passenger),Missense_Mutation,MISSENSE_TCGA-GN-,ERBB2,False,True
TCGA-GN-A265,Missense Mutation (putative passenger),Missense_Mutation,MISSENSE_TCGA-GN-,ERBB2,False,True
TCGA-GN-A267,Missense Mutation (putative passenger),Missense_Mutation,MISSENSE_TCGA-GN-,ERBB2,False,True
TCGA-HF-7132,Missense Mutation (putative passenger),Missense_Mutation,MISSENSE_TCGA-HF-,ERBB2,False,True
TCGA-HT-8564,Missense Mutation (putative passenger),Missense_Mutation,MISSENSE_TCGA-HT-,ERBB2,False,True
TCGA-IQ-A61G,Missense Mutation (putative passenger),Missense_Mutation,MISSENSE_TCGA-IQ-,ERBB2,False,True
TCGA-IR-A3LK,Missense Mutation (putative passenger),Missense_Mutation,MISSENSE_TCGA-IR-,ERBB2,False,True
TCGA-IZ-A6M9,Missense Mutation (putative passenger),Missense_Mutation,MISSENSE_TCGA-IZ-,ERBB2,False,True
TCGA-KP-A3W4,Missense Mutation (putative passenger),Missense_Mutation,MISSENSE_TCGA-KP-,ERBB2,False,True
TCGA-KQ-A41N,Missense Mutation (putative passenger),Missense_Mutation,MISSENSE_TCGA-KQ-,ERBB2,False,True
TCGA-L5-A88V,Missense Mutation (putative passenger),Missense_Mutation,MISSENSE_TCGA-L5-,ERBB2,False,True
TCGA-LL-A740,Missense Mutation (putative passenger),Missense_Mutation,MISSENSE_TCGA-LL-,ERBB2,False,True
TCGA-MT-A67G,Missense Mutation (putative passenger),Missense_Mutation,MISSENSE_TCGA-MT-,ERBB2,False,True
TCGA-PG-A917,Missense Mutation (putative passenger),Missense_Mutation,MISSENSE_TCGA-PG-,ERBB2,False,True
TCGA-R6-A6DQ,Missense Mutation (putative passenger),Missense_Mutation,MISSENSE_TCGA-R6-,ERBB2,False,True
TCGA-R6-A6KZ,Missense Mutation (putative passenger),Missense_Mutation,MISSENSE_TCGA-R6-,ERBB2,False,True
TCGA-R6-A8WG,Missense Mutation (putative passenger),Missense_Mutation,MISSENSE_TCGA-R6-,ERBB2,False,True
TCGA-VP-A87B,Missense Mutation (putative passenger),Missense_Mutation,MISSENSE_TCGA-VP-,ERBB2,False,True
TCGA-VQ-A8DT,Missense Mutation (putative passenger),Missense_Mutation,MISSENSE_TCGA-VQ-,ERBB2,False,True
TCGA-VQ-A8PH,Missense Mutation (putative passenger),Missense_Mutation,MISSENSE_TCGA-VQ-,ERBB2,False,True
TCGA-VQ-A91D,Missense Mutation (putative passenger),Missense_Mutation,MISSENSE_TCGA-VQ-,ERBB2,False,True
TCGA-W3-AA1R,Missense Mutation (putative passenger),Missense_Mutation,MISSENSE_TCGA-W3-,ERBB2,False,True
TCGA-W5-AA39,Missense Mutation (putative passenger),Missense_Mutation,MISSENSE_TCGA-W5-,ERBB2,False,True
TCGA-X6-A7WB,Missense Mutation (putative passenger),Missense_Mutation,MISSENSE_TCGA-X6-,ERBB2,False,True
TCGA-XF-A9T8,Missense Mutation (putative passenger),Missense_Mutation,MISSENSE_TCGA-XF-,ERBB2,False,True
TCGA-XF-AAN3,Missense Mutation (putative passenger),Missense_Mutation,MISSENSE_TCGA-XF-,ERBB2,False,True
TCGA-XK-AAIW,Missense Mutation (putative passenger),Missense_Mutation,MISSENSE_TCGA-XK-,ERBB2,False,True
TCGA-XY-A89B,Missense Mutation (putative passenger),Missense_Mutation,MISSENSE_TCGA-XY-,ERBB2,False,True
TCGA-ZB-A966,Missense Mutation (putative passenger),Missense_Mutation,MISSENSE_TCGA-ZB-,ERBB2,False,True
TCGA-ZF-A9RF,Missense Mutation (putative passenger),Missense_Mutation,MISSENSE_TCGA-ZF-,ERBB2,False,True
TCGA-ZP-A9CV,Missense Mutation (putative passenger),Missense_Mutation,MISSENSE_TCGA-ZP-,ERBB2,False,True
TCGA-95-7039,Missense Mutation (putative passenger),Missense_Mutation,MISSENSE_TCGA-95-,ERBB2,False,True
